25152	Summoned Bogeyman	Summoned Bogeyman	identical_short_label
25153	Bogeyman	Bogeyman	identical_short_label
25154	Boggard	Boggard	identical_short_label
25155	Infested Summoned Bulette	Infested Summoned Bulette	identical_short_label
25156	Ancient Bulette	Ancient Bulette	identical_short_label
25157	Fiendish Ancient Bulette	Fiendish Ancient Bulette	identical_short_label
25158	Bulette	Bulette	identical_short_label
25159	Fiendish Bulette	Fiendish Bulette	identical_short_label
25160	Lesser Carnivorous Crystal	Lesser Carnivorous Crystal	identical_short_label
25161	Carnivorous Crystal	Carnivorous Crystal	identical_short_label
25162	Greater Carnivorous Crystal	Greater Carnivorous Crystal	identical_short_label
25163	Ancient Carnivorous Crystal	Ancient Carnivorous Crystal	identical_short_label
25164	Mythic Carnivorous Crystal	Mythic Carnivorous Crystal	identical_short_label
25165	Coloxus	Coloxus	identical_short_label
25166	Flesh of Nightmares	Flesh of Nightmares	identical_short_label
25168	Deathsnatcher	Deathsnatcher	identical_short_label
25169	Vampire Pack Master	Vampire Pack Master	identical_short_label
25171	Inevitable Darkness	Inevitable Darkness	identical_short_label
25176	Gormandizer	Gormandizer	identical_short_label
25188	Abrikandilu	Abrikandilu	identical_short_label
25193	Babau	Babau	identical_short_label
25195	Balor	Balor	identical_short_label
25200	Balor Darrazand	Balor Darrazand	identical_short_label
25202	Khorramzadeh	Khorramzadeh	identical_short_label
25203	Brimorak	Brimorak	identical_short_label
25222	Derakni	Derakni	identical_short_label
25226	Dretch	Dretch	identical_short_label
25228	Suture	Suture	identical_short_label
25230	Gallu	Gallu	identical_short_label
25235	Gibrileth	Gibrileth	identical_short_label
25239	Sarzaksys	Sarzaksys	identical_short_label
25240	Glabrezu	Glabrezu	identical_short_label
25256	Rokhorn	Rokhorn	identical_short_label
25257	Yozz	Yozz	identical_short_label
25273	Marilith	Marilith	identical_short_label
25279	Aponavicius	Aponavicius	identical_short_label
25282	Nabasu	Nabasu	identical_short_label
25286	Maugla	Maugla	identical_short_label
25287	Nalfeshnee	Nalfeshnee	identical_short_label
25292	Omox	Omox	identical_short_label
25297	Oolioddroo	Oolioddroo	identical_short_label
25299	Painajai	Painajai	identical_short_label
25302	Quasit	Quasit	identical_short_label
25305	Schir	Schir	identical_short_label
25310	Tarshary	Tarshary	identical_short_label
25312	Ar-Mikheth	Ar-Mikheth	identical_short_label
25332	Laulieh	Laulieh	identical_short_label
25336	Vavakia	Vavakia	identical_short_label
25338	Zerieks	Zerieks	identical_short_label
25339	Tazgarodd	Tazgarodd	identical_short_label
25341	Vermlek	Vermlek	identical_short_label
25347	Vrock	Vrock	identical_short_label
25348	Vrock	Vrock	identical_short_label
25350	Vorimeraak	Vorimeraak	identical_short_label
25351	Vrolikai	Vrolikai	identical_short_label
25354	Savamelekh	Savamelekh	identical_short_label
25359	Deimavigga	Deimavigga	identical_short_label
25363	Sarrug Withersoul	Sarrug Withersoul	identical_short_label
25364	Nahyndri	Nahyndri	identical_short_label
25365	Nahyndri	Nahyndri	identical_short_label
25367	Gorebark	Gorebark	identical_short_label
25448	Lacedon	Lacedon	identical_short_label
25606	Lich	Lich	identical_short_label
25615	The Songbird	The Songbird	identical_short_label
25652	Buuze	Buuze	identical_short_label
25653	Aethylia	Aethylia	identical_short_label
25656	Goblin Druid	Goblin Druid	identical_short_label
25658	Goblin Mutant	Goblin Mutant	identical_short_label
25666	Sithhud	Sithhud	identical_short_label
25681	Dessielle Azee Veshna	Dessielle Azee Veshna	identical_short_label
25715	Dweomercat	Dweomercat	identical_short_label
25732	Ecorche	Ecorche	identical_short_label
25738	Megaloceros	Megaloceros	identical_short_label
25741	Erinyes	Erinyes	identical_short_label
25744	Jasper	Jasper	identical_short_label
25745	Kya	Kya	identical_short_label
25746	Chryso	Chryso	identical_short_label
25768	Gargoyle	Gargoyle	identical_short_label
25776	Finnean	Finnean	identical_short_label
25824	Kestoglyr	Kestoglyr	identical_short_label
25827	Jaruunicka	Jaruunicka	identical_short_label
25828	Lavixia	Lavixia	identical_short_label
25829	Letinda	Letinda	identical_short_label
25830	Loreda	Loreda	identical_short_label
25840	Venomhodag	Venomhodag	identical_short_label
25841	Hodag	Hodag	identical_short_label
25847	Hydra	Hydra	identical_short_label
25852	Kolyarut	Kolyarut	identical_short_label
25855	Imezlen	Imezlen	identical_short_label
25857	Urgathoa	Urgathoa	identical_short_label
25860	Kobold	Kobold	identical_short_label
25870	Crinukh	Crinukh	identical_short_label
25875	Crag Linnorm	Crag Linnorm	identical_short_label
25877	Uffrandir	Uffrandir	identical_short_label
25887	Mandragora	Mandragora	identical_short_label
25899	Mastodon	Mastodon	identical_short_label
25922	Minotaur	Minotaur	identical_short_label
25927	Deradnu	Deradnu	identical_short_label
25928	Inger Maggor	Inger Maggor	identical_short_label
25956	Monitor Lizard	Monitor Lizard	identical_short_label
25964	Nereid	Nereid	identical_short_label
25971	Nixie	Nixie	identical_short_label
25992	Keketar	Keketar	identical_short_label
26015	Redcap	Redcap	identical_short_label
26019	Devarra	Devarra	identical_short_label
26021	Ember	Ember	identical_short_label
26022	Retriever	Retriever	identical_short_label
26047	Satyr	Satyr	identical_short_label
26057	Xelliren	Xelliren	identical_short_label
26087	Smilodon	Smilodon	identical_short_label
26108	Tatzlwyrm	Tatzlwyrm	identical_short_label
26110	Thanadaemon	Thanadaemon	identical_short_label
26117	Treant	Treant	identical_short_label
26120	Triceratops	Triceratops	identical_short_label
26121	Melazmera	Melazmera	identical_short_label
26128	Theruk Nul	Theruk Nul	identical_short_label
26136	Vilderavn	Vilderavn	identical_short_label
26163	Wererat	Wererat	identical_short_label
26168	Wight	Wight	identical_short_label
26169	Cairn Wight	Cairn Wight	identical_short_label
26171	Harkel	Harkel	identical_short_label
26194	Kerenai	Kerenai	identical_short_label
26197	Worg	Worg	identical_short_label
26201	Wyvern	Wyvern	identical_short_label
26207	Zombie	Zombie	identical_short_label
26214	Zombie Skald	Zombie Skald	identical_short_label
26217	Aravashnial	Aravashnial	identical_short_label
26219	Hosilla	Hosilla	identical_short_label
26222	Dyra	Dyra	identical_short_label
26223	Chaleb	Chaleb	identical_short_label
26224	Klaem	Klaem	identical_short_label
26228	Prestidigipainter Golem	Prestidigipainter Golem	identical_short_label
26229	Gemyl Hawkes	Gemyl Hawkes	identical_short_label
26230	Delvan	Delvan	identical_short_label
26232	Telmer	Telmer	identical_short_label
26233	Faxon	Faxon	identical_short_label
26238	Kilas	Kilas	identical_short_label
26239	Teldon	Teldon	identical_short_label
26240	Jeslyn	Jeslyn	identical_short_label
26241	Othirubo	Othirubo	identical_short_label
26245	Aranka	Aranka	identical_short_label
26247	Hulrun	Hulrun	identical_short_label
26248	Ilkes	Ilkes	identical_short_label
26251	Ramien	Ramien	identical_short_label
26252	Thall	Thall	identical_short_label
26253	Eustoyriax	Eustoyriax	identical_short_label
26254	Blightmaw	Blightmaw	identical_short_label
26256	Jernaugh	Jernaugh	identical_short_label
26257	Malessa	Malessa	identical_short_label
26258	Markyll	Markyll	identical_short_label
26262	Wilcer Garms	Wilcer Garms	identical_short_label
26263	Vissaliy Rathimus	Vissaliy Rathimus	identical_short_label
26264	Kyado	Kyado	identical_short_label
26269	Targona	Targona	identical_short_label
26281	Paladin Acemi	Paladin Acemi	identical_short_label
26282	Trever	Trever	identical_short_label
26287	Morveg	Morveg	identical_short_label
26288	Yumal Mono	Yumal Mono	identical_short_label
26290	Chun Dawei	Chun Dawei	identical_short_label
26292	Bonvar	Bonvar	identical_short_label
26293	Nara Kor	Nara Kor	identical_short_label
26297	Nickeld Bartley	Nickeld Bartley	identical_short_label
26298	Nystra	Nystra	identical_short_label
26299	Lady Konomi	Lady Konomi	identical_short_label
26301	Dorgelinda Stranglehold	Dorgelinda Stranglehold	identical_short_label
26310	Velg	Velg	identical_short_label
26314	Thomaz	Thomaz	identical_short_label
26315	Wollard	Wollard	identical_short_label
26316	Cristry	Cristry	identical_short_label
26319	Eliandra	Eliandra	identical_short_label
26320	Katair	Katair	identical_short_label
26321	Nidalav	Nidalav	identical_short_label
26322	Odden	Odden	identical_short_label
26324	Vigdis	Vigdis	identical_short_label
26326	Regnard	Regnard	identical_short_label
26328	Taeriell	Taeriell	identical_short_label
26329	Vestari	Vestari	identical_short_label
26330	Delamere	Delamere	identical_short_label
26331	Kyado	Kyado	identical_short_label
26332	Zanedra	Zanedra	identical_short_label
26333	Beverach	Beverach	identical_short_label
26335	Gesmerha	Gesmerha	identical_short_label
26336	Marhevok	Marhevok	identical_short_label
26337	Miammir	Miammir	identical_short_label
26338	Orso	Orso	identical_short_label
26340	Soana	Soana	identical_short_label
26346	Jeocot	Jeocot	identical_short_label
26347	Latverk	Latverk	identical_short_label
26354	Bhurgaz	Bhurgaz	identical_short_label
26355	Mielarah	Mielarah	identical_short_label
26356	Chivarro	Chivarro	identical_short_label
26357	Krebus	Krebus	identical_short_label
26362	Torlek	Torlek	identical_short_label
26369	Horzalah	Horzalah	identical_short_label
26372	Kerz	Kerz	identical_short_label
26376	Smugmug	Smugmug	identical_short_label
26381	Dire One	Dire One	identical_short_label
26383	Gelderfang	Gelderfang	identical_short_label
26386	Irmangaleth	Irmangaleth	identical_short_label
26389	Ruksa	Ruksa	identical_short_label
26392	Atselm	Atselm	identical_short_label
26393	Zeklex	Zeklex	identical_short_label
26394	Zermangaleth	Zermangaleth	identical_short_label
26395	Aasimar	Aasimar	identical_short_label
26402	Doppelganger	Doppelganger	identical_short_label
26429	Hokugaul	Hokugaul	identical_short_label
26430	Jharsygax	Jharsygax	identical_short_label
26431	Lathimas	Lathimas	identical_short_label
26439	Anemora	Anemora	identical_short_label
26442	Izyagna	Izyagna	identical_short_label
26443	Jubilost	Jubilost	identical_short_label
26445	Cessily	Cessily	identical_short_label
26492	Lourry	Lourry	identical_short_label
26507	Aasimar	Aasimar	identical_short_label
26510	Xarra	Xarra	identical_short_label
26513	Xorges	Xorges	identical_short_label
26514	Ziforian	Ziforian	identical_short_label
26529	Millorn	Millorn	identical_short_label
26530	Venrad	Venrad	identical_short_label
26534	Phirry	Phirry	identical_short_label
26535	Valmot	Valmot	identical_short_label
26536	Tuvel	Tuvel	identical_short_label
26537	Rekarth	Rekarth	identical_short_label
26538	Sendri	Sendri	identical_short_label
26557	Bemir	Bemir	identical_short_label
26558	Frada Linsdoten	Frada Linsdoten	identical_short_label
26559	Brodie	Brodie	identical_short_label
26560	Inai	Inai	identical_short_label
26561	Langrat Messini	Langrat Messini	identical_short_label
26562	Chain	Chain	identical_short_label
26591	Holgan	Holgan	identical_short_label
26604	Tefan	Tefan	identical_short_label
26608	Roan	Roan	identical_short_label
26609	Bjordolf	Bjordolf	identical_short_label
26610	Arysen Krei	Arysen Krei	identical_short_label
26612	Ysenna	Ysenna	identical_short_label
26613	Sigvorn	Sigvorn	identical_short_label
26645	Cerenna	Cerenna	identical_short_label
26659	Penta	Penta	identical_short_label
26661	Velhen	Velhen	identical_short_label
26662	Stahlmar	Stahlmar	identical_short_label
26663	Ardin	Ardin	identical_short_label
26665	Tokum	Tokum	identical_short_label
26676	Reyna	Reyna	identical_short_label
26683	Norte	Norte	identical_short_label
26684	Aethylia	Aethylia	identical_short_label
26690	Itham	Itham	identical_short_label
26691	Ulab	Ulab	identical_short_label
26704	Tag'Tkhaar	Tag'Tkhaar	identical_short_label
26723	Carrock	Carrock	identical_short_label
26728	Edric	Edric	identical_short_label
26740	Zuset Ekhox Zego	Zuset Ekhox Zego	identical_short_label
26741	Drimo	Drimo	identical_short_label
26748	Aslynn	Aslynn	identical_short_label
26767	Eval Vitald	Eval Vitald	identical_short_label
26769	Rovus	Rovus	identical_short_label
26774	Bhees	Bhees	identical_short_label
26775	Ichol	Ichol	identical_short_label
26777	"Arueshalae"	"Arueshalae"	identical_short_label
26778	"Camellia"	"Camellia"	identical_short_label
26779	"Daeran"	"Daeran"	identical_short_label
26780	"Ember"	"Ember"	identical_short_label
26781	"Greybor"	"Greybor"	identical_short_label
26782	"Lann"	"Lann"	identical_short_label
26783	"Nenio"	"Nenio"	identical_short_label
26784	"Regill"	"Regill"	identical_short_label
26785	"Seelah"	"Seelah"	identical_short_label
26786	"Sosiel"	"Sosiel"	identical_short_label
26787	"Ulbrig"	"Ulbrig"	identical_short_label
26788	"Wenduag"	"Wenduag"	identical_short_label
26789	"Woljif"	"Woljif"	identical_short_label
26803	Razmir	Razmir	identical_short_label
26817	Isera Voyle	Isera Voyle	identical_short_label
26819	Liwa Ikeltine	Liwa Ikeltine	identical_short_label
26823	Rosan Sunbloom	Rosan Sunbloom	identical_short_label
26826	Valisa	Valisa	identical_short_label
26827	Yumillian Nikdel-Trazze	Yumillian Nikdel-Trazze	identical_short_label
26843	John Bergson	John Bergson	identical_short_label
26844	Lucy Bergson	Lucy Bergson	identical_short_label
26845	Ryker	Ryker	identical_short_label
26846	Averis	Averis	identical_short_label
26849	Ramley	Ramley	identical_short_label
26850	Jalle Eritelle	Jalle Eritelle	identical_short_label
26855	Terta	Terta	identical_short_label
26856	Erwart	Erwart	identical_short_label
26858	Gorvo	Gorvo	identical_short_label
26860	Kermel	Kermel	identical_short_label
26861	Lellan	Lellan	identical_short_label
26862	Ravon	Ravon	identical_short_label
26863	Vamona	Vamona	identical_short_label
26864	Valeniya	Valeniya	identical_short_label
26865	Viram	Viram	identical_short_label
26872	Ignitiel	Ignitiel	identical_short_label
26889	Willodus	Willodus	identical_short_label
26890	Dimalchio	Dimalchio	identical_short_label
26899	Liotr Hawkblade	Liotr Hawkblade	identical_short_label
26900	Nestrin	Nestrin	identical_short_label
26902	Toil	Toil	identical_short_label
26906	Paralictor Aminos Renth	Paralictor Aminos Renth	identical_short_label
26907	Paralictor Gerren Deothan	Paralictor Gerren Deothan	identical_short_label
26908	Paralictor Lerana Tye	Paralictor Lerana Tye	identical_short_label
26911	Ria Neath	Ria Neath	identical_short_label
26917	Arsinoe	Arsinoe	identical_short_label
26918	Darek Sunhammer	Darek Sunhammer	identical_short_label
26922	Kiana	Kiana	identical_short_label
26928	Graham	Graham	identical_short_label
26929	Trever Vaenic	Trever Vaenic	identical_short_label
26932	Aron Kir	Aron Kir	identical_short_label
26934	Fyllemen Frulliatros	Fyllemen Frulliatros	identical_short_label
26935	Varnir	Varnir	identical_short_label
26936	Doffie	Doffie	identical_short_label
26937	Melroun	Melroun	identical_short_label
26938	Dalna	Dalna	identical_short_label
26939	Tavie	Tavie	identical_short_label
26940	Thiefling	Thiefling	identical_short_label
26941	Deval	Deval	identical_short_label
26943	Voetiel	Voetiel	identical_short_label
26944	Ygefeles	Ygefeles	identical_short_label
27006	Svendack	Svendack	identical_short_label
27007	Drow	Drow	identical_short_label
27012	Duergar	Duergar	identical_short_label
27021	Hellknight	Hellknight	identical_short_label
27022	Armiger	Armiger	identical_short_label
27023	Asty	Asty	identical_short_label
27024	Forn Autumn Haze	Forn Autumn Haze	identical_short_label
27026	Kaylessa	Kaylessa	identical_short_label
27027	Tran	Tran	identical_short_label
27028	Velhm	Velhm	identical_short_label
27030	Hulrun	Hulrun	identical_short_label
27031	Terendelev	Terendelev	identical_short_label
27032	Terendelev	Terendelev	identical_short_label
27033	Chorussina	Chorussina	identical_short_label
27034	Janeamine	Janeamine	identical_short_label
27035	Joran Vhane	Joran Vhane	identical_short_label
27036	Staunton Vhane	Staunton Vhane	identical_short_label
27037	Theruk Nul	Theruk Nul	identical_short_label
27040	Yaker	Yaker	identical_short_label
27041	Nulkineth	Nulkineth	identical_short_label
27042	Xanthir Vang	Xanthir Vang	identical_short_label
27043	Alinythia	Alinythia	identical_short_label
27044	Hepzamirah	Hepzamirah	identical_short_label
27045	Herrax	Herrax	identical_short_label
27050	Setrei Devimai	Setrei Devimai	identical_short_label
27052	Areelu Vorlesh	Areelu Vorlesh	identical_short_label
27054	Baphomet	Baphomet	identical_short_label
27055	Ciar	Ciar	identical_short_label
27058	Irabeth	Irabeth	identical_short_label
27060	Minagho	Minagho	identical_short_label
27062	Nocticula	Nocticula	identical_short_label
27068	Yaniel	Yaniel	identical_short_label
27070	Elyanka	Elyanka	identical_short_label
27072	Septimus	Septimus	identical_short_label
27076	Cobblehoof	Cobblehoof	identical_short_label
27091	Shyka	Shyka	identical_short_label
27093	Socothbenoth	Socothbenoth	identical_short_label
27095	Lariel	Lariel	identical_short_label
27103	Megidiah Vallys	Megidiah Vallys	identical_short_label
27104	Mephistopheles the Advocate	Mephistopheles the Advocate	identical_short_label
27106	Mephistopheles the Prosecutor	Mephistopheles the Prosecutor	identical_short_label
27107	Mephistopheles	Mephistopheles	identical_short_label
27109	Hal	Hal	identical_short_label
27111	Nidalynn	Nidalynn	identical_short_label
27113	Orgomandias	Orgomandias	identical_short_label
27115	Sevalros	Sevalros	identical_short_label
27116	Tyvanadis	Tyvanadis	identical_short_label
27118	Tsai	Tsai	identical_short_label
27119	Fried Rift Drake	Fried Rift Drake	identical_short_label
27121	Indarah	Indarah	identical_short_label
27126	Sarkorian Brute Outcast	Sarkorian Brute Outcast	identical_short_label
27129	Sarkorian Ranger Outcast	Sarkorian Ranger Outcast	identical_short_label
27138	Thommis Longar	Thommis Longar	identical_short_label
27145	Ssila'meshnik	Ssila'meshnik	identical_short_label
27146	Valmallos	Valmallos	identical_short_label
27149	Rada	Rada	identical_short_label
27150	Gekkor	Gekkor	identical_short_label
27153	Hosilla	Hosilla	identical_short_label
27208	Inspire Courage	Inspire Courage	identical_short_label
27209	Inspire Courage	Inspire Courage	identical_short_label
27377	Carrock's Thorn	Carrock's Thorn	identical_short_label
27379	Carrock's Might	Carrock's Might	identical_short_label
27386	Storastan Jungle Poison	Storastan Jungle Poison	identical_short_label
27403	Potion of Humanity	Potion of Humanity	identical_short_label
27405	Dirge for Sarkoris	Dirge for Sarkoris	identical_short_label
27407	Forbiddance	Forbiddance	identical_short_label
27409	Sithhud's Reanimation	Sithhud's Reanimation	identical_short_label
27415	Numerian Companion	Numerian Companion	identical_short_label
27420	Chaotic Experiments	Chaotic Experiments	identical_short_label
27422	Bringer of Corruption	Bringer of Corruption	identical_short_label
27423	Touch of Urgathoa	Touch of Urgathoa	identical_short_label
27424	Wither Flesh	Wither Flesh	identical_short_label
27433	Soul Ward	Soul Ward	identical_short_label
27434	Arvoz the First	Arvoz the First	identical_short_label
27435	Zovra the Foremost	Zovra the Foremost	identical_short_label
27587	Thea	Thea	identical_short_label
27589	Urthan	Urthan	identical_short_label
27591	Taolynn	Taolynn	identical_short_label
27593	Sordara	Sordara	identical_short_label
27594	Yunelard	Yunelard	identical_short_label
27597	Rix	Rix	identical_short_label
27598	Marnun	Marnun	identical_short_label
27601	Aengi	Aengi	identical_short_label
27603	Aeon Bythos	Aeon Bythos	identical_short_label
27605	Lillend Azata	Lillend Azata	identical_short_label
27606	Lilitu	Lilitu	identical_short_label
27609	Inevitable, Kolyarut	Inevitable, Kolyarut	identical_short_label
27611	Memitim	Memitim	identical_short_label
27616	Triceratops	Triceratops	identical_short_label
27619	Velociraptor	Velociraptor	identical_short_label
27625	Ovinrbaane	Ovinrbaane	identical_short_label
27634	Anarchic	Anarchic	identical_short_label
27635	Anarchic	Anarchic	identical_short_label
27637	Axiomatic	Axiomatic	identical_short_label
27638	Axiomatic	Axiomatic	identical_short_label
27656	Bane	Bane	identical_short_label
27657	Bane	Bane	identical_short_label
27679	Longshank Bane	Longshank Bane	identical_short_label
27681	Longshank Bane	Longshank Bane	identical_short_label
27723	Bane Vermin	Bane Vermin	identical_short_label
27768	Druchite	Druchite	identical_short_label
27769	Druchite	Druchite	identical_short_label
27795	+1	+1	identical_short_label
27798	+2	+2	identical_short_label
27801	+3	+3	identical_short_label
27804	+4	+4	identical_short_label
27807	+5	+5	identical_short_label
27810	+6	+6	identical_short_label
27812	Extinguisher	Extinguisher	identical_short_label
27834	Ghost Touch	Ghost Touch	identical_short_label
27835	Ghost Touch	Ghost Touch	identical_short_label
27836	Ghost Touch	Ghost Touch	identical_short_label
27844	Heartseeker	Heartseeker	identical_short_label
27873	Magic	Magic	identical_short_label
27878	Mithral	Mithral	identical_short_label
27879	Mithral	Mithral	identical_short_label
27938	Vorpal	Vorpal	identical_short_label
28013	Serrator	Serrator	identical_short_label
29302	+5 Nunchaku	+5 Nunchaku	identical_short_label
29311	Datura	Datura	identical_short_label
29387	Executioner	Executioner	identical_short_label
29390	Odium	Odium	identical_short_label
29879	Sun Stroke	Sun Stroke	identical_short_label
30161	Aizerghaul	Aizerghaul	identical_short_label
30168	Riftcarver	Riftcarver	identical_short_label
30169	Starbow	Starbow	identical_short_label
30304	Kama	Kama	identical_short_label
30305	Kama	Kama	identical_short_label
30306	Nunchaku	Nunchaku	identical_short_label
30307	Nunchaku	Nunchaku	identical_short_label
30308	Sai	Sai	identical_short_label
30309	Sai	Sai	identical_short_label
30317	Estoc	Estoc	identical_short_label
30318	Estoc	Estoc	identical_short_label
30319	Falcata	Falcata	identical_short_label
30320	Falcata	Falcata	identical_short_label
30321	Tongi	Tongi	identical_short_label
30322	Tongi	Tongi	identical_short_label
30332	Fauchard	Fauchard	identical_short_label
30333	Fauchard	Fauchard	identical_short_label
30337	Kukri	Kukri	identical_short_label
30338	Kukri	Kukri	identical_short_label
30347	Starknife	Starknife	identical_short_label
30348	Starknife	Starknife	identical_short_label
30381	Bardiche	Bardiche	identical_short_label
30382	Bardiche	Bardiche	identical_short_label
30385	Falchion	Falchion	identical_short_label
30386	Falchion	Falchion	identical_short_label
30387	Glaive	Glaive	identical_short_label
30388	Glaive	Glaive	identical_short_label
30405	Falchion	Falchion	identical_short_label
30406	Falchion	Falchion	identical_short_label
30514	Neathholm	Neathholm	identical_short_label
30646	Drezen	Drezen	identical_short_label
30751	Citadel	Citadel	identical_short_label
30851	Battlebliss Arena	Battlebliss Arena	identical_short_label
30865	Iz	Iz	identical_short_label
30869	Iz	Iz	identical_short_label
30899	Grimwood	Grimwood	identical_short_label
31027	Topaz Solutions	Topaz Solutions	identical_short_label
31089	Drezen	Drezen	identical_short_label
31097	Kenabres	Kenabres	identical_short_label
31113	Currantglen	Currantglen	identical_short_label
31143	Greengates	Greengates	identical_short_label
31196	Nexus	Nexus	identical_short_label
31235	Ineluctable Prison	Ineluctable Prison	identical_short_label
31237	Iz	Iz	identical_short_label
31239	Kenabres	Kenabres	identical_short_label
31246	Blackwater	Blackwater	identical_short_label
31248	Rasping Rifts	Rasping Rifts	identical_short_label
31260	Threshold	Threshold	identical_short_label
31268	Defender's Heart	Defender's Heart	identical_short_label
31275	Whirlpool	Whirlpool	identical_short_label
31282	Gundrun	Gundrun	identical_short_label
31284	Currantglen	Currantglen	identical_short_label
31292	Storasta	Storasta	identical_short_label
31341	Citadel	Citadel	identical_short_label
35177	Ziggurat	Ziggurat	identical_short_label
39527	Signifers	Signifers	identical_short_label
39531	Derakni	Derakni	identical_short_label
39535	Gallu	Gallu	identical_short_label
39537	Gargoyles	Gargoyles	identical_short_label
39545	Gibrilethes	Gibrilethes	identical_short_label
39547	Glabrezu	Glabrezu	identical_short_label
39549	Incubi	Incubi	identical_short_label
39551	Lilitu	Lilitu	identical_short_label
39557	Nabasu	Nabasu	identical_short_label
39559	Nalfeshnee	Nalfeshnee	identical_short_label
39561	Omoxes	Omoxes	identical_short_label
39563	Oolioddroo	Oolioddroo	identical_short_label
39565	Painajai	Painajai	identical_short_label
39577	Succubi	Succubi	identical_short_label
39579	Wights	Wights	identical_short_label
39684	Bralani Azatas	Bralani Azatas	identical_short_label
39688	Havoc Dragons	Havoc Dragons	identical_short_label
39690	Lillend Azatas	Lillend Azatas	identical_short_label
39698	Veranallia Azatas	Veranallia Azatas	identical_short_label
39700	Yamah Azatas	Yamah Azatas	identical_short_label
39732	Vrolikai	Vrolikai	identical_short_label
39738	Erinyes	Erinyes	identical_short_label
39836	Mongrel Fighters	Mongrel Fighters	identical_short_label
39838	Shadowdancers	Shadowdancers	identical_short_label
39849	Setsuna Shy	Setsuna Shy	identical_short_label
39854	Sir Tector Silverhill	Sir Tector Silverhill	identical_short_label
39855	Furio Solaretti	Furio Solaretti	identical_short_label
39857	Magister Pilkwell	Magister Pilkwell	identical_short_label
39858	Soravielle Evenmist	Soravielle Evenmist	identical_short_label
39860	Tarsival	Tarsival	identical_short_label
39866	Odan	Odan	identical_short_label
39869	Minagho	Minagho	identical_short_label
39870	Foulsnout	Foulsnout	identical_short_label
39871	Foulsnout	Foulsnout	identical_short_label
40352	"La-la-la..."	"La-la-la..."	identical_short_label
40353	"Na-na-hmm..."	"Na-na-hmm..."	identical_short_label
46094	Darrazand	Darrazand	identical_short_label
47290	...Irabeth.	...Irabeth.	identical_short_label
47291	...Nurah.	...Nurah.	identical_short_label
47292	...Regill.	...Regill.	identical_short_label
47293	...Lann.	...Lann.	identical_short_label
47298	...Sosiel.	...Sosiel.	identical_short_label
48986	Midnight Bolt	Midnight Bolt	identical_short_label
51436	"Kenabres?"	"Kenabres?"	identical_short_label
51437	"Drezen?"	"Drezen?"	identical_short_label
51438	"Iz?"	"Iz?"	identical_short_label
52640	Flayleaf	Flayleaf	identical_short_label
53758	Aivu	Aivu	identical_short_label
53759	Clenna	Clenna	identical_short_label
53761	Kel Five Knives	Kel Five Knives	identical_short_label
53762	Maitresse Olla Devara	Maitresse Olla Devara	identical_short_label
53763	Early Sunset	Early Sunset	identical_short_label
53764	Rvveg	Rvveg	identical_short_label
53765	Raucous Laughter	Raucous Laughter	identical_short_label
53766	Solemn Star	Solemn Star	identical_short_label
53767	Lost Memory	Lost Memory	identical_short_label
53768	Charming Minx	Charming Minx	identical_short_label
53769	Maestro Aven'Turine	Maestro Aven'Turine	identical_short_label
53770	Strongrung	Strongrung	identical_short_label
54360	"Hahaha! Hahahahaha!"	"Hahaha! Hahahahaha!"	identical_short_label
54923	Sir Allfrey	Sir Allfrey	identical_short_label
57058	Klaem	Klaem	identical_short_label
57060	Miammir	Miammir	identical_short_label
57061	Nystra	Nystra	identical_short_label
57062	Siabrae	Siabrae	identical_short_label
57967	"Ur! Urrkaur!"	"Ur! Urrkaur!"	identical_short_label
58007	"Urk... Urk!"	"Urk... Urk!"	identical_short_label
59412	"Varkh taburh glekh."	"Varkh taburh glekh."	identical_short_label
59415	"Hurhurhur, vrrrraks, burgh."	"Hurhurhur, vrrrraks, burgh."	identical_short_label
59445	"Marglh! Zakkahar!"	"Marglh! Zakkahar!"	identical_short_label
60088	The Gouger	The Gouger	identical_short_label
66307	Orengofta	Orengofta	identical_short_label
70829	Angelblooms	Angelblooms	identical_short_label
71205	Caarel	Caarel	identical_short_label
71206	Kirkane	Kirkane	identical_short_label
71208	Hill	Hill	identical_short_label
71209	Denlean Blackmead	Denlean Blackmead	identical_short_label
71210	Cayden Cailean	Cayden Cailean	identical_short_label
71211	Lannica	Lannica	identical_short_label
71212	Lo	Lo	identical_short_label
71213	Tayne	Tayne	identical_short_label
71214	Venko	Venko	identical_short_label
71215	Viggsbard	Viggsbard	identical_short_label
72482	"Phr phr!"	"Phr phr!"	identical_short_label
72580	"Phrr! Phr phr!"	"Phrr! Phr phr!"	identical_short_label
72620	"Phr!"	"Phr!"	identical_short_label
72847	Athara Vahns	Athara Vahns	identical_short_label
76669	"Ulbrig."	"Ulbrig."	identical_short_label
76678	"Iomedae."	"Iomedae."	identical_short_label
76772	"Arueshalae."	"Arueshalae."	identical_short_label
76773	"Sosiel."	"Sosiel."	identical_short_label
76774	"Seelah."	"Seelah."	identical_short_label
76775	"Camellia."	"Camellia."	identical_short_label
76776	"Daeran."	"Daeran."	identical_short_label
76777	"Greybor."	"Greybor."	identical_short_label
76778	"Lann."	"Lann."	identical_short_label
76779	"Wenduag."	"Wenduag."	identical_short_label
76780	"Regill."	"Regill."	identical_short_label
76781	"Ember."	"Ember."	identical_short_label
76782	"Woljif."	"Woljif."	identical_short_label
80305	Finnean	Finnean	identical_short_label
81711	"Hmm..."	"Hmm..."	identical_short_label
81836	"Grrr..."	"Grrr..."	identical_short_label
81852	"Grrr..."	"Grrr..."	identical_short_label
81857	"Grrr..."	"Grrr..."	identical_short_label
82170	Paralictor Aminos Renth	Paralictor Aminos Renth	identical_short_label
82171	Paralictor Lerana Tye	Paralictor Lerana Tye	identical_short_label
82172	Paralictor Gerren Deothan	Paralictor Gerren Deothan	identical_short_label
82173	Kiranda	Kiranda	identical_short_label
82577	Jannah Aldori	Jannah Aldori	identical_short_label
82579	Curl	Curl	identical_short_label
83591	Sosiel	Sosiel	identical_short_label
85942	"Camellia?"	"Camellia?"	identical_short_label
86327	"Galfrey?"	"Galfrey?"	identical_short_label
87746	Inevitable Excess	Inevitable Excess	identical_short_label
87821	"A"	"A"	identical_short_label
87822	"B"	"B"	identical_short_label
87823	"C"	"C"	identical_short_label
87830	Prince of Fangs	Prince of Fangs	identical_short_label
87869	Suslipeck	Suslipeck	identical_short_label
89272	"Gha-ha-agsh."	"Gha-ha-agsh."	identical_short_label
89273	"Krshhhxcess."	"Krshhhxcess."	identical_short_label
91269	...Frada. {flag|FradaState}	...Frada. {flag|FradaState}	identical_short_label
91270	...Bemir. {flag|VitkoState}	...Bemir. {flag|VitkoState}	identical_short_label
91271	...Langrat. {flag|LangratState}	...Langrat. {flag|LangratState}	identical_short_label
91281	...Frada. {flag|FradaState}	...Frada. {flag|FradaState}	identical_short_label
91282	...Bemir. {flag|VitkoState}	...Bemir. {flag|VitkoState}	identical_short_label
91283	...Langrat. {flag|LangratState}	...Langrat. {flag|LangratState}	identical_short_label
91672	...Frada. {flag|FradaState}	...Frada. {flag|FradaState}	identical_short_label
91673	...Bemir. {flag|VitkoState}	...Bemir. {flag|VitkoState}	identical_short_label
91674	...Langrat. {flag|LangratState}	...Langrat. {flag|LangratState}	identical_short_label
91675	...Inai. {flag|InaiState}	...Inai. {flag|InaiState}	identical_short_label
91676	...Brodie. {flag|BrodyState}	...Brodie. {flag|BrodyState}	identical_short_label
92430	"Inai."	"Inai."	identical_short_label
92431	"Brodie."	"Brodie."	identical_short_label
92432	"Langrat Messini."	"Langrat Messini."	identical_short_label
92437	"Frada Linsdoten."	"Frada Linsdoten."	identical_short_label
92438	"Bemir."	"Bemir."	identical_short_label
92511	"Khhhaaa..."	"Khhhaaa..."	identical_short_label
92626	Razormaze Glaciers	Razormaze Glaciers	identical_short_label
92919	"Nahyndri!"	"Nahyndri!"	identical_short_label
96194	Buuze	Buuze	identical_short_label
96195	Norte	Norte	identical_short_label
97919	"Who is Carrock?"	"Who is Carrock?"	identical_short_label
97932	"Who are you?"	"Who are you?"	identical_short_label
99267	"Mhm-mm-mmm."	"Mhm-mm-mmm."	identical_short_label
99269	"Mmph..."	"Mmph..."	identical_short_label
99281	"Hrrrr..."	"Hrrrr..."	identical_short_label
99723	"Uh-huh."	"Uh-huh."	identical_short_label
99881	"Valisa."	"Valisa."	identical_short_label
101928	"Mmm..."	"Mmm..."	identical_short_label
102737	Andoren Rosé	Andoren Rosé	identical_short_label
103899	Ale	Ale	identical_short_label
103901	Bourbon	Bourbon	identical_short_label
103903	Bufo	Bufo	identical_short_label
103905	Cider	Cider	identical_short_label
103915	Port	Port	identical_short_label
103931	Tepache	Tepache	identical_short_label
104984	"Everything is clear."	"Everything is clear."	identical_short_label
104988	"Is Anevia sick?"	"Is Anevia sick?"	identical_short_label
104995	[Say nothing]	[Say nothing]	identical_short_label
105021	"Consider it done!"	"Consider it done!"	identical_short_label
105025	"As you command."	"As you command."	identical_short_label
107102	"Commander."	"Commander."	identical_short_label
107393	"Yaniel"	"Yaniel"	identical_short_label
108933	Storms Peak	Storms Peak	identical_short_label
108969	Paradox	Paradox	identical_short_label
